{"Validation loss":1.1339924335479736,"Training speed (epochs/sec.)":89.92204599609691,"_timestamp":1.73470208818342e+09,"_runtime":328.977191683,"_step":278,"Epoch":8340,"_wandb":{"runtime":328},"Training loss":0.02871905453503132}