{"Validation loss":0.6992397904396057,"_runtime":88.418359332,"_step":101,"Training speed (epochs/sec.)":34.827586206896555,"Training accuracy (%)":53.29822616407982,"Epoch":3030,"_timestamp":1.7346989712809017e+09,"_wandb":{"runtime":88},"Validation accuracy (%)":44,"Training loss":0.6904408931732178}