{"_timestamp":1.734701547172017e+09,"_runtime":74.933230137,"_step":94,"Epoch":940,"Training loss":0.016261546310551208,"Validation loss":0.7026880979537964,"_wandb":{"runtime":74},"Training speed (epochs/sec.)":1.002992973714115}