{"Validation loss":0.7184020280838013,"_wandb":{"runtime":36},"Training speed (epochs/sec.)":1.0295059678663407,"_timestamp":1.7347011831659722e+09,"_runtime":36.777260077,"_step":63,"Epoch":630,"Training loss":0.016836930469920238}