{"Epoch":5850,"Training loss":0.012819439638406038,"Validation loss":0.337026983499527,"Training speed (epochs/sec.)":6.347050194859865,"_timestamp":1.734702506651614e+09,"_wandb":{"runtime":160},"_runtime":160.991736785,"_step":195}