{"_runtime":91.80101419,"Training accuracy (%)":53.131929046563194,"_wandb":{"runtime":91},"Epoch":3060,"Training speed (epochs/sec.)":34,"_step":102,"Validation accuracy (%)":44,"Training loss":0.6906630098819733,"_timestamp":1.734704110615561e+09,"Validation loss":0.6982659101486206}