{"_wandb":{"runtime":114},"Training speed (epochs/sec.)":5.384738226494232,"_timestamp":1.7346980336452398e+09,"_runtime":114.122100305,"_step":136,"Epoch":4080,"Training loss":0.010046368464827538,"Validation loss":0.5014559626579285}