{"Epoch":3750,"Training loss":0.010158227756619453,"Validation loss":0.5155222415924072,"Training speed (epochs/sec.)":4.512581076039999,"_timestamp":1.7346956647113054e+09,"_runtime":106.712370716,"_step":125,"_wandb":{"runtime":106}}