{"Epoch": 1000, "Training loss": 0.3648743795024024, "Training accuracy (%)": 86.9509090909091, "Validation loss": 0.37328847249348956, "Validation accuracy (%)": 86.76, "Training speed (epochs/sec.)": 0.6738544474393531, "_timestamp": 1732369944.3264449, "_runtime": 1487.308079957962, "_step": 100, "gradients/graph_11model.9.bias": {"_type": "histogram", "values": [1.0, 0.0, 0.0, 0.0, 0.0, 0.0, 0.0, 0.0, 0.0, 0.0, 0.0, 0.0, 0.0, 0.0, 0.0, 0.0, 0.0, 0.0, 0.0, 0.0, 0.0, 0.0, 2.0, 0.0, 1.0, 1.0, 0.0, 0.0, 0.0, 0.0, 0.0, 0.0, 0.0, 1.0, 1.0, 0.0, 0.0, 1.0, 0.0, 0.0, 0.0, 0.0, 0.0, 0.0, 0.0, 1.0, 0.0, 0.0, 0.0, 0.0, 0.0, 0.0, 0.0, 0.0, 0.0, 0.0, 0.0, 0.0, 0.0, 0.0, 0.0, 0.0, 0.0, 1.0], "bins": [-0.007122347131371498, -0.006892151199281216, -0.006661955267190933, -0.006431759335100651, -0.006201563403010368, -0.005971367470920086, -0.0057411715388298035, -0.005510975606739521, -0.005280779674649239, -0.005050583276897669, -0.004820387344807386, -0.004590191412717104, -0.0043599954806268215, -0.004129799548536539, -0.0038996036164462566, -0.003669407684355974, -0.0034392117522656918, -0.0032090158201754093, -0.002978819888085127, -0.0027486239559948444, -0.002518428023904562, -0.002288231858983636, -0.0020580359268933535, -0.001827839994803071, -0.0015976440627127886, -0.0013674481306225061, -0.0011372521985322237, -0.0009070561500266194, -0.000676860217936337, -0.0004466642567422241, -0.0002164682955481112, 1.3727665646001697e-05, 0.0002439236268401146, 0.0004741195880342275, 0.0007043155492283404, 0.0009345115395262837, 0.0011647074716165662, 0.0013949034037068486, 0.0016250994522124529, 0.0018552953843027353, 0.0020854913163930178, 0.0023156872484833, 0.0025458831805735826, 0.002776079112663865, 0.003006275277584791, 0.0032364712096750736, 0.003466667141765356, 0.0036968630738556385, 0.003927059005945921, 0.004157254938036203, 0.004387450870126486, 0.004617646802216768, 0.004847842734307051, 0.005078038666397333, 0.005308234598487616, 0.005538430530577898, 0.005768626928329468, 0.00599882286041975, 0.006229018792510033, 0.006459214724600315, 0.0066894106566905975, 0.00691960658878088, 0.007149802520871162, 0.007379998452961445, 0.007610194385051727]}, "gradients/graph_11model.9.weight": {"_type": "histogram", "values": [1.0, 2.0, 1.0, 0.0, 0.0, 1.0, 0.0, 0.0, 0.0, 1.0, 4.0, 2.0, 5.0, 5.0, 3.0, 7.0, 6.0, 6.0, 4.0, 1.0, 8.0, 16.0, 13.0, 22.0, 38.0, 52.0, 67.0, 91.0, 515.0, 136.0, 86.0, 44.0, 36.0, 24.0, 13.0, 8.0, 4.0, 11.0, 3.0, 3.0, 2.0, 1.0, 3.0, 4.0, 3.0, 4.0, 7.0, 2.0, 4.0, 2.0, 3.0, 0.0, 0.0, 0.0, 1.0, 0.0, 0.0, 0.0, 0.0, 1.0, 0.0, 1.0, 1.0, 2.0], "bins": [-0.15449956059455872, -0.14912128448486328, -0.14374299347400665, -0.13836471736431122, -0.1329864263534546, -0.12760815024375916, -0.12222986668348312, -0.11685158312320709, -0.11147329956293106, -0.10609501600265503, -0.100716732442379, -0.09533844888210297, -0.08996017277240753, -0.0845818892121315, -0.07920360565185547, -0.07382532209157944, -0.0684470385313034, -0.06306875497102737, -0.05769047141075134, -0.05231219157576561, -0.04693390801548958, -0.04155562445521355, -0.036177344620227814, -0.030799061059951782, -0.02542077749967575, -0.02004249393939972, -0.014664212241768837, -0.00928592961281538, -0.003907646983861923, 0.0014706356450915337, 0.0068489182740449905, 0.012227200902998447, 0.017605498433113098, 0.02298378199338913, 0.028362063691020012, 0.033740345388650894, 0.039118628948926926, 0.04449691250920296, 0.04987519234418869, 0.05525347590446472, 0.06063175946474075, 0.06601004302501678, 0.07138832658529282, 0.07676661014556885, 0.08214488625526428, 0.08752316981554031, 0.09290145337581635, 0.09827973693609238, 0.10365802049636841, 0.10903630405664444, 0.11441458761692047, 0.1197928711771965, 0.12517115473747253, 0.13054943084716797, 0.1359277218580246, 0.14130599796772003, 0.14668428897857666, 0.1520625650882721, 0.15744084119796753, 0.16281913220882416, 0.1681974083185196, 0.17357569932937622, 0.17895397543907166, 0.18433226644992828, 0.18971054255962372]}, "gradients/graph_11model.7.bias": {"_type": "histogram", "values": [1.0, 0.0, 0.0, 0.0, 0.0, 1.0, 0.0, 0.0, 0.0, 1.0, 0.0, 0.0, 2.0, 0.0, 2.0, 1.0, 3.0, 0.0, 0.0, 2.0, 1.0, 2.0, 0.0, 2.0, 3.0, 4.0, 1.0, 2.0, 1.0, 5.0, 2.0, 2.0, 5.0, 6.0, 25.0, 5.0, 4.0, 1.0, 4.0, 6.0, 2.0, 3.0, 3.0, 3.0, 2.0, 2.0, 1.0, 0.0, 1.0, 2.0, 2.0, 1.0, 1.0, 2.0, 1.0, 0.0, 0.0, 2.0, 2.0, 1.0, 1.0, 0.0, 1.0, 1.0], "bins": [-0.0020799310877919197, -0.0020203348249197006, -0.001960738794878125, -0.001901142648421228, -0.0018415465019643307, -0.0017819503555074334, -0.0017223542090505362, -0.001662758062593639, -0.0016031619161367416, -0.0015435657696798444, -0.0014839696232229471, -0.0014243734767660499, -0.0013647773303091526, -0.0013051811838522553, -0.001245585037395358, -0.0011859888909384608, -0.0011263927444815636, -0.0010667964816093445, -0.0010072003351524472, -0.0009476042469032109, -0.0008880081004463136, -0.0008284119539894164, -0.0007688158075325191, -0.0007092196610756218, -0.0006496234564110637, -0.0005900273099541664, -0.0005304311634972692, -0.00047083504614420235, -0.00041123887058347464, -0.0003516427241265774, -0.0002920465776696801, -0.00023245043121278286, -0.0001728542847558856, -0.00011325813829898834, -5.366198456613347e-05, 5.9341655287425965e-06, 6.553031562361866e-05, 0.00012512646208051592, 0.0001847226230893284, 0.00024431876954622567, 0.0003039149160031229, 0.0003635110624600202, 0.00042310720891691744, 0.0004827033553738147, 0.0005422995309345424, 0.0006018956773914397, 0.0006614918238483369, 0.0007210879703052342, 0.0007806841167621315, 0.0008402802632190287, 0.000899876409675926, 0.0009594725561328232, 0.0010190687607973814, 0.0010786649072542787, 0.001138261053711176, 0.0011978572001680732, 0.0012574533466249704, 0.0013170494930818677, 0.001376645639538765, 0.0014362417859956622, 0.0014958379324525595, 0.0015554340789094567, 0.001615030225366354, 0.0016746263718232512, 0.0017342225182801485]}, "gradients/graph_11model.7.weight": {"_type": "histogram", "values": [3.0, 0.0, 1.0, 1.0, 0.0, 2.0, 3.0, 6.0, 4.0, 3.0, 5.0, 5.0, 10.0, 18.0, 18.0, 23.0, 24.0, 41.0, 29.0, 65.0, 76.0, 113.0, 142.0, 178.0, 220.0, 290.0, 446.0, 526.0, 660.0, 820.0, 1022.0, 1341.0, 2160.0, 12757.0, 3985.0, 2056.0, 1329.0, 936.0, 763.0, 635.0, 459.0, 390.0, 244.0, 184.0, 151.0, 131.0, 106.0, 77.0, 86.0, 54.0, 47.0, 16.0, 11.0, 20.0, 8.0, 21.0, 10.0, 10.0, 9.0, 2.0, 6.0, 5.0, 3.0, 2.0], "bins": [-0.09010019153356552, -0.08743710070848465, -0.08477400988340378, -0.0821109190583229, -0.07944782823324203, -0.07678473740816116, -0.07412164658308029, -0.07145855575799942, -0.06879546493291855, -0.06613237410783768, -0.0634692832827568, -0.060806192457675934, -0.05814310163259506, -0.05548001080751419, -0.05281691998243332, -0.05015382915735245, -0.047490738332271576, -0.044827647507190704, -0.04216455668210983, -0.03950146585702896, -0.03683837503194809, -0.03417528420686722, -0.031512193381786346, -0.028849102556705475, -0.026186011731624603, -0.02352292090654373, -0.02085983008146286, -0.01819673925638199, -0.015533648431301117, -0.012870557606220245, -0.010207466781139374, -0.007544375956058502, -0.004881285130977631, -0.002218194305896759, 0.00044489651918411255, 0.003107987344264984, 0.005771078169345856, 0.008434168994426727, 0.011097259819507599, 0.01376035064458847, 0.016423441469669342, 0.019086532294750214, 0.021749623119831085, 0.024412713944911957, 0.02707580476999283, 0.0297388955950737, 0.03240198642015457, 0.03506507724523544, 0.037728168070316315, 0.040391258895397186, 0.04305434972047806, 0.04571744054555893, 0.0483805313706398, 0.05104362219572067, 0.053706713020801544, 0.056369803845882416, 0.05903289467096329, 0.06169598549604416, 0.06435907632112503, 0.0670221671462059, 0.06968525797128677, 0.07234834879636765, 0.07501143962144852, 0.07767453044652939, 0.08033762127161026]}, "gradients/graph_11model.3.weight": {"_type": "histogram",